,micro,macro,weighted
Precision,0.7792722883255734,0.7791598286620117,0.7783500354433964
Recall,0.7910029756695256,0.7953708471755749,0.7910029756695256
F1 Score,0.7850938151494092,0.7850154658227637,0.7822830032106152
