,micro,macro,weighted
Precision,0.6615555555555556,0.6907841824292976,0.6930425427875251
Recall,0.6615555555555556,0.6657570761780918,0.6615555555555556
F1 Score,0.6615555555555556,0.6579892793115336,0.6566286032681988
