,micro,macro,weighted
Precision,0.5772691705790297,0.6421233351389494,0.6430239527308842
Recall,0.5772691705790297,0.5796447244537528,0.5772691705790297
F1 Score,0.5772691705790297,0.5818254170298747,0.5803216846689637
