,micro,macro,weighted
Precision,0.7471247199402539,0.7481648383770232,0.7468905139142442
Recall,0.7706054537051302,0.774197849247623,0.7706054537051302
F1 Score,0.7586834521462156,0.7589969446185161,0.7565387135169429
