,micro,macro,weighted
Precision,0.5995667646603744,0.39882914741403386,0.6030705652802177
Recall,0.6096601636249214,0.39043144754871684,0.6096601636249214
F1 Score,0.6045713394180512,0.3864304044565837,0.6048035180614177
