,micro,macro,weighted
Precision,0.647887323943662,0.680955753482622,0.6829415772906945
Recall,0.647887323943662,0.648246673706155,0.647887323943662
F1 Score,0.647887323943662,0.6453451684686841,0.6469563097214538
