,micro,macro,weighted
Precision,0.5365952284674484,0.3636154610364055,0.5353705063130262
Recall,0.5365952284674484,0.2724232697708741,0.5365952284674484
F1 Score,0.5365952284674484,0.2871544823261762,0.5105369035407094
