,micro,macro,weighted
Precision,0.5508888888888889,0.3829626505853927,0.5304141290893233
Recall,0.5508888888888889,0.2936311676036724,0.5508888888888889
F1 Score,0.5508888888888889,0.30645244437999575,0.5201767620991968
